{"stat.walkOneCm":173734,"stat.useItem.jjmod.item_crafting_sawpit":17,"stat.useItem.minecraft.stone":50,"stat.leaveGame":91,"stat.killEntity.Slime":1,"stat.jump":71,"stat.drop.minecraft.stone":1,"stat.pickup.jjmod.block_vault":2,"stat.pickup.minecraft.stone":1,"stat.crouchOneCm":924,"stat.sprintOneCm":16148,"stat.useItem.minecraft.stone_slab2":212,"achievement.exploreAllBiomes":{"value":0,"progress":["Plains"]},"achievement.openInventory":112,"stat.useItem.jjmod.item_beam_short":1,"stat.damageTaken":150,"stat.mobKills":1,"stat.useItem.jjmod.item_slab_stone":6,"stat.flyOneCm":10402,"stat.drop":16,"stat.playOneMinute":182492,"stat.pickup.jjmod.item_spear_flint":1,"stat.useItem.jjmod.item_slab_brick":5,"stat.sneakTime":582,"stat.damageDealt":161,"stat.timeSinceDeath":182492,"stat.useItem.jjmod.item_wall_stone":55,"stat.useItem.jjmod.item_floor_pole":2,"stat.mineBlock.minecraft.dirt":1,"stat.mineBlock.minecraft.stone":1,"stat.useItem.jjmod.item_floor_wood":1}