{"stat.useItem.jjmod.item_wall_log":69,"stat.walkOneCm":123134,"stat.useItem.minecraft.stone":9,"stat.leaveGame":5,"stat.pickup.jjmod.item_wall_mud":2,"stat.pickup.jjmod.block_wall_pole":9,"stat.useItem.jjmod.item_wall_brick":53,"stat.jump":69,"stat.pickup.jjmod.item_wall_stone":19,"stat.crouchOneCm":527,"stat.useItem.jjmod.item_wall_rough":18,"stat.pickup.jjmod.item_wall_brick":15,"stat.sprintOneCm":969,"stat.useItem.minecraft.stone_slab2":69,"achievement.exploreAllBiomes":{"value":0,"progress":["Extreme Hills"]},"achievement.openInventory":7,"stat.pickup.jjmod.item_wall_rough":6,"stat.flyOneCm":60,"stat.playOneMinute":67806,"stat.sneakTime":307,"stat.timeSinceDeath":67806,"stat.useItem.jjmod.item_wall_stone":61,"stat.useItem.jjmod.item_wall_mud":54}