{"stat.chestOpened":4,"stat.walkOneCm":12775,"stat.useItem.minecraft.chest":1,"achievement.openInventory":5,"stat.leaveGame":2,"stat.drop.jjmod.item_dirt":40,"stat.drop":42,"stat.jump":16,"stat.mineBlock.minecraft.leaves":4,"stat.swimOneCm":397,"stat.drop.jjmod.item_leafpile":2,"stat.playOneMinute":5992,"stat.useItem.jjmod.block_testChest":1,"stat.timeSinceDeath":5992,"stat.mineBlock.minecraft.dirt":44,"achievement.exploreAllBiomes":{"value":0,"progress":["Beach","Forest"]},"stat.mineBlock.minecraft.tallgrass":1,"stat.diveOneCm":660}