{"stat.walkOneCm":128846,"stat.useItem.minecraft.stone":31,"stat.leaveGame":51,"stat.killEntity.Slime":1,"stat.jump":57,"stat.drop.minecraft.stone":1,"stat.pickup.jjmod.block_vault":2,"stat.pickup.minecraft.stone":1,"stat.crouchOneCm":602,"stat.sprintOneCm":4588,"stat.useItem.minecraft.stone_slab2":158,"achievement.exploreAllBiomes":{"value":0,"progress":["Plains"]},"achievement.openInventory":68,"stat.useItem.jjmod.item_beam_short":1,"stat.damageTaken":150,"stat.mobKills":1,"stat.useItem.jjmod.item_slab_stone":6,"stat.flyOneCm":5995,"stat.drop":16,"stat.playOneMinute":136666,"stat.useItem.jjmod.item_slab_brick":5,"stat.sneakTime":329,"stat.damageDealt":161,"stat.timeSinceDeath":136666,"stat.useItem.jjmod.item_wall_stone":42,"stat.useItem.jjmod.item_floor_pole":2,"stat.mineBlock.minecraft.dirt":1,"stat.pickup.jjmod.item_door":9,"stat.mineBlock.minecraft.stone":1,"stat.useItem.jjmod.item_floor_wood":1}