{"stat.drop.jjmod.item_huntingknifeCopper":1,"stat.walkOneCm":2085,"stat.drop.jjmod.item_axeSteel":1,"stat.drop.jjmod.item_huntingknifeBronze":1,"stat.drop.jjmod.item_tomato":1,"stat.drop.jjmod.item_bean":1,"stat.leaveGame":3,"stat.useItem.jjmod.item_shovelAntler":1,"stat.drop.jjmod.item_huntingknifeSteel":1,"stat.drop.jjmod.item_shovelSteel":1,"stat.drop.jjmod.item_hoeshovelAntler":1,"stat.drop.jjmod.item_shovelWood":1,"stat.drop.jjmod.item_shovelAntler":1,"stat.drop.jjmod.item_banana":1,"stat.drop.jjmod.item_macheteSteel":1,"stat.drop.jjmod.item_macheteCopper":1,"achievement.exploreAllBiomes":{"value":0,"progress":["Plains"]},"stat.drop.jjmod.item_axeCopper":1,"achievement.openInventory":17,"stat.drop.jjmod.item_axeBronze":1,"stat.drop.jjmod.item_berry":1,"stat.drop.jjmod.item_macheteBronze":1,"stat.drop.jjmod.item_pear":1,"stat.drop.jjmod.item_pickaxeBronze":1,"stat.drop.jjmod.item_axeFlint":1,"stat.drop.jjmod.item_sickleCopper":1,"stat.drop.jjmod.item_pickaxeSteel":1,"stat.drop.jjmod.item_sickleSteel":1,"stat.drop":34,"stat.drop.jjmod.item_dirt":4,"stat.playOneMinute":18122,"stat.drop.jjmod.item_pickaxeCopper":1,"stat.drop.jjmod.item_sickleBronze":1,"stat.timeSinceDeath":18122,"stat.drop.jjmod.item_pepper":1,"stat.drop.jjmod.item_pickaxeFlint":1,"stat.drop.jjmod.item_huntingknifeFlint":1,"stat.drop.jjmod.item_shovelBronze":1,"stat.mineBlock.minecraft.dirt":1,"stat.drop.jjmod.item_shovelCopper":1}