{"stat.walkOneCm":98694,"stat.useItem.minecraft.stone":27,"stat.leaveGame":32,"stat.killEntity.Slime":1,"stat.jump":36,"stat.pickup.jjmod.block_vault":2,"stat.crouchOneCm":429,"stat.sprintOneCm":4588,"stat.useItem.minecraft.stone_slab2":127,"achievement.exploreAllBiomes":{"value":0,"progress":["Plains"]},"achievement.openInventory":57,"stat.useItem.jjmod.item_beam_short":1,"stat.damageTaken":150,"stat.mobKills":1,"stat.useItem.jjmod.item_slab_stone":6,"stat.flyOneCm":3325,"stat.drop":15,"stat.playOneMinute":81747,"stat.useItem.jjmod.item_slab_brick":5,"stat.sneakTime":235,"stat.damageDealt":161,"stat.timeSinceDeath":81747,"stat.useItem.jjmod.item_wall_stone":42,"stat.useItem.jjmod.item_floor_pole":2,"stat.mineBlock.minecraft.dirt":1,"stat.mineBlock.minecraft.stone":1,"stat.useItem.jjmod.item_floor_wood":1}