{"stat.useItem.jjmod.item_wall_log":77,"stat.pickup.jjmod.block_stairs_brick":1,"stat.walkOneCm":149643,"stat.pickup.jjmod.item_wall_log":43,"stat.useItem.minecraft.stone":10,"stat.leaveGame":10,"stat.drop.jjmod.item_door":1,"stat.pickup.jjmod.item_wall_mud":23,"stat.drop.jjmod.item_wall_mud":1,"stat.pickup.jjmod.block_stairs_wood":1,"stat.pickup.jjmod.block_wall_pole":9,"stat.drop.jjmod.item_wall_log":4,"stat.useItem.jjmod.item_wall_brick":101,"stat.jump":73,"stat.pickup.jjmod.item_wall_stone":19,"stat.crouchOneCm":527,"stat.useItem.jjmod.item_wall_rough":18,"stat.pickup.jjmod.item_wall_brick":47,"stat.drop.jjmod.block_stairs_stone":1,"stat.sprintOneCm":969,"stat.pickup.minecraft.wooden_door":2,"stat.useItem.minecraft.stone_slab2":82,"achievement.exploreAllBiomes":{"value":0,"progress":["Extreme Hills"]},"achievement.openInventory":10,"stat.pickup.jjmod.item_wall_rough":6,"stat.pickup.jjmod.block_stairs_stone":1,"stat.drop.jjmod.block_stairs_brick":1,"stat.flyOneCm":60,"stat.drop.jjmod.block_stairs_wood":1,"stat.drop":9,"stat.playOneMinute":77423,"stat.sneakTime":307,"stat.timeSinceDeath":77423,"stat.useItem.jjmod.item_wall_stone":61,"stat.useItem.jjmod.item_wall_mud":54,"stat.pickup.jjmod.item_door":1}