{"stat.useItem.jjmod.item_wall_log":2,"stat.walkOneCm":39628,"stat.useItem.minecraft.stone":12,"stat.useItem.jjmod.item_crafting_clayworks":1,"stat.leaveGame":7,"stat.pickup.jjmod.block_carcass_chicken":1,"stat.useItem.jjmod.item_bed_simple":1,"stat.useItem.jjmod.item_wall_brick":2,"stat.useItem.jjmod.item_furnace_stone":1,"stat.jump":10,"stat.useItem.jjmod.item_bed_wool":1,"stat.fallOneCm":538,"stat.useItem.jjmod.item_wall_rough":2,"stat.sprintOneCm":2675,"stat.useItem.minecraft.stone_slab2":58,"achievement.exploreAllBiomes":{"value":0,"progress":["Plains"]},"stat.useItem.minecraft.iron_hoe":9,"stat.useItem.jjmod.item_crafting_mason":1,"stat.useItem.jjmod.item_furnace_clay":1,"stat.useItem.jjmod.item_bed_leaf":1,"achievement.openInventory":29,"stat.damageTaken":120,"stat.useItem.jjmod.item_crafting_textiles":1,"stat.useItem.jjmod.item_slab_stone":2,"stat.flyOneCm":496,"stat.playOneMinute":49138,"stat.useItem.jjmod.item_slab_brick":2,"stat.useItem.jjmod.item_crafting_candlemaker":1,"stat.timeSinceDeath":49138,"stat.useItem.jjmod.item_wall_stone":2,"stat.useItem.jjmod.item_crafting_armourer":1,"stat.useItem.jjmod.item_wall_mud":2,"stat.pickup.jjmod.item_crafting_armourer":2,"stat.useItem.jjmod.item_bed_cotton":1,"stat.useItem.jjmod.item_crafting_woodworking":1}