{"stat.drop.jjmod.item_axeSteel":1,"stat.drop.jjmod.item_tomato":1,"stat.leaveGame":3,"stat.drop.jjmod.item_shovelheadBronze":1,"stat.drop.jjmod.item_tallow":1,"stat.drop.jjmod.item_shovelSteel":1,"stat.drop.jjmod.item_axeheadBronze":1,"stat.useItem.jjmod.block_craftingKnapping":1,"stat.drop.jjmod.item_shovelWood":1,"stat.drop.jjmod.item_thicklog":1,"stat.drop.jjmod.item_sapphire":1,"stat.drop.jjmod.item_woolknifeFlint":1,"stat.drop.jjmod.item_shovelheadSteel":1,"stat.drop.jjmod.item_shovelheadCopper":1,"achievement.exploreAllBiomes":{"value":0,"progress":["Plains"]},"stat.drop.jjmod.item_axeCopper":1,"stat.drop.jjmod.item_hoeSteel":1,"stat.drop.jjmod.item_axeheadSteel":1,"stat.drop.jjmod.item_axeBronze":1,"stat.drop.jjmod.item_pear":1,"stat.drop.jjmod.item_ingotCopper":1,"stat.drop.jjmod.item_mudbricksWet":1,"stat.drop.jjmod.item_amethyst":1,"stat.drop.jjmod.item_potClay":1,"stat.drop.jjmod.item_axeFlint":1,"stat.drop.jjmod.item_sickleCopper":1,"stat.drop.minecraft.rabbit_hide":1,"stat.drop.jjmod.item_arrowheadBronze":1,"stat.drop.jjmod.item_sickleBronze":1,"stat.drop.jjmod.item_axeheadCopper":1,"stat.drop.jjmod.item_arrowheadSteel":1,"stat.timeSinceDeath":50432,"stat.drop.jjmod.item_claybricksDry":1,"stat.drop.jjmod.item_arrowheadCopper":1,"stat.drop.jjmod.item_hoeCopper":1,"stat.drop.jjmod.item_huntingknifeCopper":1,"stat.drop.jjmod.item_stoneDressed":1,"stat.drop.jjmod.item_mudbricksDry":1,"stat.drop.jjmod.item_huntingknifeSteel":1,"stat.drop.jjmod.item_ingotTin":1,"stat.drop.jjmod.item_twineHemp":1,"stat.drop.jjmod.item_knifebladeCopper":1,"stat.drop.jjmod.item_pickheadFlint":1,"stat.drop.jjmod.item_swordbladeBronze":1,"stat.drop.jjmod.item_log":1,"stat.drop.jjmod.item_macheteCopper":1,"stat.drop.jjmod.item_skinSheep":1,"stat.drop.jjmod.item_spearheadFlint":1,"stat.drop.jjmod.item_spearheadCopper":1,"stat.drop.jjmod.item_swordbladeSteel":1,"stat.drop.jjmod.item_shearsSteel":1,"stat.drop.jjmod.item_ingotSilver":1,"achievement.openInventory":42,"stat.drop.jjmod.item_berry":1,"stat.drop.jjmod.item_hoeheadBronze":1,"stat.drop.jjmod.item_hoeheadSteel":1,"stat.drop.jjmod.item_stoneRough":1,"stat.drop.jjmod.item_sicklebladeCopper":1,"stat.drop":111,"stat.playOneMinute":50432,"stat.drop.jjmod.item_machetebladeCopper":1,"stat.drop.jjmod.item_pickaxeCopper":1,"stat.drop.jjmod.item_pepper":1,"stat.drop.jjmod.item_shearsBronze":1,"stat.drop.jjmod.item_beeswax":1,"stat.drop.jjmod.item_stoneLoose":1,"stat.drop.jjmod.item_bean":1,"stat.drop.jjmod.item_shearsCopper":1,"stat.drop.jjmod.item_bucketCopperEmpty":1,"stat.drop.jjmod.item_sicklebladeSteel":1,"stat.drop.jjmod.item_potMetal":1,"stat.drop.jjmod.item_knifebladeSteel":1,"stat.drop.jjmod.item_pole":1,"stat.drop.jjmod.item_ingotSteel":1,"stat.drop.jjmod.item_pickheadBronze":1,"stat.drop.jjmod.item_peatDry":1,"stat.drop.jjmod.item_banana":1,"stat.drop.jjmod.item_skinBear":1,"stat.drop.jjmod.item_skinCow":1,"stat.drop.jjmod.item_skinPig":1,"stat.drop.jjmod.item_ruby":1,"stat.drop.jjmod.item_arrowheadFlint":1,"stat.drop.jjmod.item_pickheadCopper":1,"stat.drop.jjmod.item_pickaxeSteel":1,"stat.drop.jjmod.item_peatWet":1,"stat.drop.jjmod.item_pickaxeFlint":1,"stat.drop.jjmod.item_shovelBronze":1,"stat.mineBlock.minecraft.dirt":1,"stat.drop.jjmod.item_shovelCopper":1,"stat.walkOneCm":5337,"stat.drop.jjmod.item_hoeBronze":1,"stat.drop.jjmod.item_huntingknifeBronze":1,"stat.drop.jjmod.item_fireopal":1,"stat.useItem.jjmod.item_shovelAntler":1,"stat.drop.jjmod.item_sicklebladeBronze":1,"stat.drop.jjmod.item_machetebladeSteel":1,"stat.drop.jjmod.item_swordbladeCopper":1,"stat.drop.jjmod.item_shovelAntler":1,"stat.drop.jjmod.item_pickheadSteel":1,"stat.drop.jjmod.item_leaf":1,"stat.drop.jjmod.item_claybricksWet":1,"stat.drop.jjmod.item_macheteSteel":1,"stat.drop.jjmod.item_macheteBronze":1,"stat.drop.jjmod.item_machetebladeBronze":1,"stat.drop.jjmod.item_hoeheadCopper":1,"stat.drop.jjmod.item_cotton":1,"stat.drop.jjmod.item_pickaxeBronze":1,"stat.drop.jjmod.item_spearheadBronze":1,"stat.drop.jjmod.item_knifebladeBronze":1,"stat.drop.jjmod.item_sickleSteel":1,"stat.drop.jjmod.item_dirt":5,"stat.drop.jjmod.item_skinWolf":1,"stat.drop.minecraft.shears":1,"stat.drop.jjmod.item_huntingknifeFlint":2}