{"stat.walkOneCm":110028,"stat.useItem.minecraft.stone":27,"stat.leaveGame":38,"stat.killEntity.Slime":1,"stat.jump":47,"stat.drop.minecraft.stone":1,"stat.pickup.jjmod.block_vault":2,"stat.pickup.minecraft.stone":1,"stat.crouchOneCm":453,"stat.sprintOneCm":4588,"stat.useItem.minecraft.stone_slab2":134,"achievement.exploreAllBiomes":{"value":0,"progress":["Plains"]},"achievement.openInventory":59,"stat.useItem.jjmod.item_beam_short":1,"stat.damageTaken":150,"stat.mobKills":1,"stat.useItem.jjmod.item_slab_stone":6,"stat.flyOneCm":4171,"stat.drop":16,"stat.playOneMinute":96435,"stat.useItem.jjmod.item_slab_brick":5,"stat.sneakTime":247,"stat.damageDealt":161,"stat.timeSinceDeath":96435,"stat.useItem.jjmod.item_wall_stone":42,"stat.useItem.jjmod.item_floor_pole":2,"stat.mineBlock.minecraft.dirt":1,"stat.mineBlock.minecraft.stone":1,"stat.useItem.jjmod.item_floor_wood":1}