{"stat.walkOneCm":54005,"stat.leaveGame":19,"stat.useItem.jjmod.item_pickaxe_steel":2,"stat.killEntity.Slime":1,"stat.useItem.jjmod.item_axe_steel":54,"stat.useItem.jjmod.item_wall_brick":2,"stat.jump":25,"stat.drop.jjmod.item_beam_short":14,"stat.crouchOneCm":395,"stat.sprintOneCm":2890,"stat.useItem.minecraft.stone_slab2":84,"achievement.exploreAllBiomes":{"value":0,"progress":["Plains"]},"achievement.openInventory":40,"stat.useItem.jjmod.item_beam_short":17,"stat.damageTaken":150,"stat.mobKills":1,"stat.drop.jjmod.item_wall_brick":1,"stat.flyOneCm":2011,"stat.drop":15,"stat.playOneMinute":47201,"stat.sneakTime":194,"stat.damageDealt":161,"stat.timeSinceDeath":47201,"stat.useItem.jjmod.item_floor_pole":20,"stat.mineBlock.minecraft.dirt":1,"stat.mineBlock.minecraft.stone":1}