{"stat.useItem.jjmod.item_axeSteel":5,"stat.walkOneCm":5029,"stat.mineBlock.jjmod.block_woodApple":7,"achievement.openInventory":3,"stat.leaveGame":4,"stat.damageTaken":240,"stat.drop.jjmod.block_woodApple":2,"stat.drop.jjmod.item_pole":1,"stat.flyOneCm":560,"stat.deaths":1,"stat.drop":3,"stat.jump":2,"stat.useItem.jjmod.block_woodApple":9,"stat.playOneMinute":4826,"stat.entityKilledBy.Slime":1,"stat.timeSinceDeath":1530,"stat.mineBlock.minecraft.dirt":2,"achievement.exploreAllBiomes":{"value":0,"progress":["Plains"]}}