{"stat.walkOneCm":88313,"achievement.openInventory":20,"stat.leaveGame":38,"stat.damageTaken":160,"stat.pickup.jjmod.block_wall_brick":46,"stat.flyOneCm":25936,"stat.jump":95,"stat.playOneMinute":77001,"stat.fallOneCm":430,"stat.sneakTime":361,"stat.crouchOneCm":470,"stat.timeSinceDeath":77001,"stat.useItem.minecraft.dirt":3,"stat.mineBlock.minecraft.dirt":6,"stat.sprintOneCm":6436,"stat.useItem.minecraft.stone_slab2":118,"achievement.exploreAllBiomes":{"value":0,"progress":["Forest","River","Extreme Hills"]}}