{"stat.useItem.jjmod.item_wall_log":97,"stat.pickup.jjmod.block_stairs_brick":1,"stat.pickup.jjmod.item_wall_log":43,"stat.useItem.minecraft.stone":32,"stat.leaveGame":16,"stat.drop.jjmod.item_door":1,"stat.drop.jjmod.item_wall_log":4,"stat.useItem.jjmod.item_wall_brick":148,"stat.jump":94,"stat.crouchOneCm":527,"stat.pickup.jjmod.item_wall_brick":47,"stat.useItem.minecraft.stone_slab2":108,"achievement.exploreAllBiomes":{"value":0,"progress":["Extreme Hills"]},"stat.useItem.jjmod.item_crafting_mason":1,"stat.useItem.jjmod.item_furnace_clay":1,"stat.damageTaken":130,"stat.useItem.jjmod.item_crafting_textiles":1,"stat.pickup.jjmod.block_stairs_stone":1,"stat.flyOneCm":60,"stat.drop.jjmod.block_stairs_wood":1,"stat.useItem.jjmod.item_crafting_candlemaker":1,"stat.timeSinceDeath":119533,"stat.useItem.jjmod.item_wall_stone":102,"stat.useItem.jjmod.item_wall_mud":85,"stat.useItem.jjmod.item_crafting_woodworking":2,"stat.walkOneCm":297726,"stat.useItem.jjmod.item_crafting_clayworks":1,"stat.pickup.jjmod.item_wall_mud":23,"stat.drop.jjmod.item_wall_mud":1,"stat.pickup.jjmod.block_stairs_wood":1,"stat.pickup.jjmod.block_wall_pole":9,"stat.useItem.jjmod.item_furnace_stone":1,"stat.pickup.jjmod.item_wall_stone":23,"stat.useItem.jjmod.item_crafting_forge":1,"stat.useItem.jjmod.item_wall_rough":18,"stat.drop.jjmod.block_stairs_stone":1,"stat.sprintOneCm":5990,"stat.pickup.minecraft.wooden_door":2,"achievement.openInventory":22,"stat.pickup.jjmod.item_wall_rough":6,"stat.drop.jjmod.block_stairs_brick":1,"stat.drop":9,"stat.playOneMinute":119533,"stat.sneakTime":307,"stat.pickup.jjmod.item_door":2}